default_flag,sy_snum,sy_pnum,pl_controv_flag,pl_orbper,pl_orbperlim,ttv_flag,st_rad,st_raderr1,st_raderr2,st_radlim,ra,dec,sy_dist,sy_disterr1,sy_disterr2,sy_vmag,sy_vmagerr1,sy_vmagerr2,sy_kmag,sy_kmagerr1,sy_kmagerr2,sy_gaiamag,sy_gaiamagerr1,sy_gaiamagerr2
0,1.0,1.0,0.0,20.272,0.0,0.0,0.85554,0.040861,-0.042501,0.0,126.5535002,12.281851,413.591,4.312,-4.225,13.444,0.114,-0.114,11.724,0.018,-0.018,13.2,0.000252,-0.000252
0,2.0,1.0,0.0,4.4656243,0.0,0.0,1.072,0.069,-0.05,0.0,203.7581951,-17.5034961,297.462,3.959,-3.858,11.753,0.031,-0.031,10.396,0.024,-0.024,11.7747,0.000246,-0.000246
0,1.0,0.0,0.0,2.5844972,0.0,0.0,1.39,0.12,-0.09,0.0,124.4925984,15.9879159,774.157,16.807,-16.12,13.318,0.08,-0.08,11.853,0.02,-0.02,13.2136,0.000214,-0.000214
1,1.0,0.0,0.0,3.78177,0.0,0.0,1.095,0.17,-0.028,0.0,15.3501157,5.0380381,511.114,10.423,-10.022,13.536,0.08,-0.08,11.785,0.021,-0.021,13.314,0.000351,-0.000351
